file	source	block
current_000.mmd	cypress/integration/rendering/current.spec.js	0
demo-state_000.mmd	demos/state.html	0
demo-state_001.mmd	demos/state.html	1
demo-state_002.mmd	demos/state.html	2
demo-state_003.mmd	demos/state.html	3
demo-state_004.mmd	demos/state.html	4
demo-state_005.mmd	demos/state.html	5
demo-state_006.mmd	demos/state.html	6
demo-state_007.mmd	demos/state.html	7
demo-state_008.mmd	demos/state.html	8
demo-state_009.mmd	demos/state.html	9
stateDiagram-neo_000.mmd	cypress/integration/rendering/state/stateDiagram-neo.spec.js	0
stateDiagram-neo_001.mmd	cypress/integration/rendering/state/stateDiagram-neo.spec.js	1
stateDiagram-neo_002.mmd	cypress/integration/rendering/state/stateDiagram-neo.spec.js	2
stateDiagram-neo_003.mmd	cypress/integration/rendering/state/stateDiagram-neo.spec.js	3
stateDiagram-neo_004.mmd	cypress/integration/rendering/state/stateDiagram-neo.spec.js	4
stateDiagram-neo_005.mmd	cypress/integration/rendering/state/stateDiagram-neo.spec.js	5
stateDiagram-neo_006.mmd	cypress/integration/rendering/state/stateDiagram-neo.spec.js	6
stateDiagram-v2_001.mmd	cypress/integration/rendering/state/stateDiagram-v2.spec.js	1
stateDiagram-v2_002.mmd	cypress/integration/rendering/state/stateDiagram-v2.spec.js	2
stateDiagram-v2_003.mmd	cypress/integration/rendering/state/stateDiagram-v2.spec.js	3
stateDiagram-v2_004.mmd	cypress/integration/rendering/state/stateDiagram-v2.spec.js	4
stateDiagram-v2_005.mmd	cypress/integration/rendering/state/stateDiagram-v2.spec.js	5
stateDiagram-v2_006.mmd	cypress/integration/rendering/state/stateDiagram-v2.spec.js	6
stateDiagram-v2_007.mmd	cypress/integration/rendering/state/stateDiagram-v2.spec.js	7
stateDiagram-v2_008.mmd	cypress/integration/rendering/state/stateDiagram-v2.spec.js	8
stateDiagram-v2_009.mmd	cypress/integration/rendering/state/stateDiagram-v2.spec.js	9
stateDiagram-v2_010.mmd	cypress/integration/rendering/state/stateDiagram-v2.spec.js	10
stateDiagram-v2_011.mmd	cypress/integration/rendering/state/stateDiagram-v2.spec.js	11
stateDiagram-v2_012.mmd	cypress/integration/rendering/state/stateDiagram-v2.spec.js	12
stateDiagram-v2_013.mmd	cypress/integration/rendering/state/stateDiagram-v2.spec.js	13
stateDiagram-v2_014.mmd	cypress/integration/rendering/state/stateDiagram-v2.spec.js	14
stateDiagram-v2_015.mmd	cypress/integration/rendering/state/stateDiagram-v2.spec.js	15
stateDiagram-v2_016.mmd	cypress/integration/rendering/state/stateDiagram-v2.spec.js	16
stateDiagram-v2_017.mmd	cypress/integration/rendering/state/stateDiagram-v2.spec.js	17
stateDiagram-v2_018.mmd	cypress/integration/rendering/state/stateDiagram-v2.spec.js	18
stateDiagram-v2_019.mmd	cypress/integration/rendering/state/stateDiagram-v2.spec.js	19
stateDiagram-v2_020.mmd	cypress/integration/rendering/state/stateDiagram-v2.spec.js	20
stateDiagram-v2_021.mmd	cypress/integration/rendering/state/stateDiagram-v2.spec.js	21
stateDiagram-v2_022.mmd	cypress/integration/rendering/state/stateDiagram-v2.spec.js	22
stateDiagram-v2_023.mmd	cypress/integration/rendering/state/stateDiagram-v2.spec.js	23
stateDiagram-v2_024.mmd	cypress/integration/rendering/state/stateDiagram-v2.spec.js	24
stateDiagram-v2_025.mmd	cypress/integration/rendering/state/stateDiagram-v2.spec.js	25
stateDiagram-v2_026.mmd	cypress/integration/rendering/state/stateDiagram-v2.spec.js	26
stateDiagram-v2_027.mmd	cypress/integration/rendering/state/stateDiagram-v2.spec.js	27
stateDiagram-v2_028.mmd	cypress/integration/rendering/state/stateDiagram-v2.spec.js	28
stateDiagram-v2_029.mmd	cypress/integration/rendering/state/stateDiagram-v2.spec.js	29
stateDiagram-v2_032.mmd	cypress/integration/rendering/state/stateDiagram-v2.spec.js	32
stateDiagram-v2_033.mmd	cypress/integration/rendering/state/stateDiagram-v2.spec.js	33
stateDiagram-v2_034.mmd	cypress/integration/rendering/state/stateDiagram-v2.spec.js	34
stateDiagram-v2_035.mmd	cypress/integration/rendering/state/stateDiagram-v2.spec.js	35
stateDiagram-v2_036.mmd	cypress/integration/rendering/state/stateDiagram-v2.spec.js	36
stateDiagram-v2_037.mmd	cypress/integration/rendering/state/stateDiagram-v2.spec.js	37
stateDiagram-v2_038.mmd	cypress/integration/rendering/state/stateDiagram-v2.spec.js	38
stateDiagram-v2_039.mmd	cypress/integration/rendering/state/stateDiagram-v2.spec.js	39
stateDiagram-v2_040.mmd	cypress/integration/rendering/state/stateDiagram-v2.spec.js	40
stateDiagram-v2_041.mmd	cypress/integration/rendering/state/stateDiagram-v2.spec.js	41
stateDiagram-v2_042.mmd	cypress/integration/rendering/state/stateDiagram-v2.spec.js	42
stateDiagram_000.mmd	cypress/integration/rendering/state/stateDiagram.spec.js	0
stateDiagram_001.mmd	cypress/integration/rendering/state/stateDiagram.spec.js	1
stateDiagram_002.mmd	cypress/integration/rendering/state/stateDiagram.spec.js	2
stateDiagram_003.mmd	cypress/integration/rendering/state/stateDiagram.spec.js	3
stateDiagram_004.mmd	cypress/integration/rendering/state/stateDiagram.spec.js	4
stateDiagram_005.mmd	cypress/integration/rendering/state/stateDiagram.spec.js	5
stateDiagram_006.mmd	cypress/integration/rendering/state/stateDiagram.spec.js	6
stateDiagram_007.mmd	cypress/integration/rendering/state/stateDiagram.spec.js	7
stateDiagram_008.mmd	cypress/integration/rendering/state/stateDiagram.spec.js	8
stateDiagram_009.mmd	cypress/integration/rendering/state/stateDiagram.spec.js	9
stateDiagram_010.mmd	cypress/integration/rendering/state/stateDiagram.spec.js	10
stateDiagram_011.mmd	cypress/integration/rendering/state/stateDiagram.spec.js	11
stateDiagram_012.mmd	cypress/integration/rendering/state/stateDiagram.spec.js	12
stateDiagram_013.mmd	cypress/integration/rendering/state/stateDiagram.spec.js	13
stateDiagram_014.mmd	cypress/integration/rendering/state/stateDiagram.spec.js	14
stateDiagram_015.mmd	cypress/integration/rendering/state/stateDiagram.spec.js	15
stateDiagram_016.mmd	cypress/integration/rendering/state/stateDiagram.spec.js	16
stateDiagram_017.mmd	cypress/integration/rendering/state/stateDiagram.spec.js	17
stateDiagram_018.mmd	cypress/integration/rendering/state/stateDiagram.spec.js	18
stateDiagram_019.mmd	cypress/integration/rendering/state/stateDiagram.spec.js	19
stateDiagram_020.mmd	cypress/integration/rendering/state/stateDiagram.spec.js	20
stateDiagram_021.mmd	cypress/integration/rendering/state/stateDiagram.spec.js	21
stateDiagram_022.mmd	cypress/integration/rendering/state/stateDiagram.spec.js	22
